#lemma_id,#writing_and_accounting_related_ranked,#senses,#notes,#spellings
bisaŋdubak [ARCHIVIST],xxxxx,archivist,,"bisaŋ-dub-ba, bisaŋ-dub, bisaŋ-dub-ba-a, pi-ša3-ad-ba-ar-ra, ša₁₃-dub-ba-a"
da [BOARD],xxxxx,"side board (of a chariot), writing board",,"<sup>ŋeš</sup>da, <sup>ŋeš</sup>da-da"
duʾa [AXLE],xxxxx,"axle, stick",,"<sup>ŋeš</sup>du3-a, du3-a, <sup>ŋeš</sup>du3<sup>du</sup>-a, <sup>ŋeš</sup>du3<sup>du</sup>-a"
dub [TABLET],xxxxx,tablet,,"dub, <sup>ŋeš</sup>dub, ta-ba, <sup>im</sup>dub"
dub bala [GO OVER AN ACCOUNT],xxxxx,to go over an account,,dub bala
dub daŋal [TABLET],xxxxx,a type of tablet,,dub daŋal
dub sar [WRITER],xxxxx,writer of tablets on a specific matter,,"dub sar, dub sar-sar"
dubŋal [SCRIBE],xxxxx,a scribe or scribe's assistant,,dub-ŋal2
dubsar [SCRIBE],xxxxx,scribe,,"dub-sar, du-ub-sa-ar, dub-sar-dub-sar, dub3-sa, <sup>lu2</sup>dub-sar"
dubsar gud u [OFFICIAL],xxxxx,an official,,dub-sar gud u
dubsar gudapin [OFFICIAL],xxxxx,an official,,dub-sar gud-apin
dubsar zidak [OFFICIAL],xxxxx,an official associated with flour production and processing,,dub-sar zid2
dubsargal [SCRIBE],xxxxx,senior scribe,,"dub-sar-gal, dub-sar"
dubsarmah [OFFICIAL],xxxxx,an official,,"dub-sar-maḫ, dub-sar-maḫ2"
dubsartur [SCRIBE],xxxxx,junior scribe,,"dub-sar-tur, dub-sar-tur-tur"
dubsarzaga [OFFICIAL],xxxxx,registry official,,dub-sar-zag-ga
dubzuzu [TEACHER],xxxxx,teacher,,"dub-zu-zu, dub-su-su"
eduba [STOREHOUSE],xxxxx,"storehouse,  magazine",,"e2-dub, e2-dub-ba"
edubbaʾa [SCRIBAL SCHOOL],xxxxx,scribal school,,"e2-dub-ba-a, e2-dub-ba"
ekišibak [STOREROOM],xxxxx,storeroom for sealed commodities,,"e2-kišib3-ba, e2-kišib3, e2-kišib-ba, e2-kišib3-ba-ka, e2-kišib3-ba-ke4, e2-kišib, e2-<sup>na4</sup>kišib-ba"
eš [ROPE],xxxxx,"rope,  thong,  string, a unit of measurement",,"eš2, <sup>ŋeš</sup>eš2, eš, eše3, eš7"
eš rah [MEASURE],xxxxx,to measure,,"eš2 ra-ra, eš2 raḫ2"
ešgana [LINE],xxxxx,measuring line,,eš2-gana2
ešla [TOOL],xxxxx,"a stick?, a tool",,<sup>ŋeš</sup>eš2-la2
etum [DOCUMENT],xxxxx,"a document,  perhaps a bulla?",,e2-tum
ge [BLOW],xxxxx,"blow, wound, stroke of the stylus, (piece of) writing,  copy,  exemplar,  written",,"ge15, ge14, ge23, ge3, <sup>ge</sup>-<sup>e</sup>ge14, ge22, gi4, <sup>uzu</sup> <sup>gi</sup>-<sup>e</sup>ge14, <sup>uzu</sup>ge14, <sup>ge</sup>-<sup>e</sup>ge14, <sup>uzu</sup> <sup>gi</sup>-<sup>e</sup>ge14"
gidubak [STYLUS],xxxxx,stylus,,"gi-dub-ba, gi-dub-ba-a, gi-dub, gi4-dub-ba-a, <sup>ŋeš</sup>gi-dub"
gigag [REED],xxxxx,"pointed reed, stylus",,gi-gag
gug [SEAL],xxxxx,to seal,,"gug6, gug"
gušum [WEDGE],xxxxx,(cuneiform) wedge,,"gu-šum2, gu3-šum2, gu2-šum2"
ŋeššudumak [TALLY],xxxxx,"a wooden tool used for accounting,  tally stick",,"ŋeš-šudum-ma, ŋeš-šudum, šudum"
im.ŠID [SEALED DOCUMENT],xxxxx,sealed document,,im-ŠID
imešagduba [CALCULATION TABLET],xxxxx,calculation tablet,,im-e2-šag4-dub-ba
imgida [TABLET],xxxxx,a type of tablet,,im-gid2-da
imgula [SERIES],xxxxx,series,,"im-gu2-la2, im-la2"
imgulaŋeštuku [SERIES],xxxxx,series,,im-gu2-la2-ŋeš-tuku
imgur [ENVELOPE],xxxxx,envelope,,im-gur
imŋara [TYPE OF LIST],xxxxx,type of list,,im-ŋar-ra
imŋeštugeʾak [TABLET],xxxxx,accounting tablet,,"im-ŋeštug-ge-ak, im-ŋeštug-ak, im-ŋeštug-ge, ŋeštug-im"
imigidug [TYPE OF LIST],xxxxx,type of list,,im-igi-dug4
immudasa [REGISTER],xxxxx,register,,im-mu-da-sa4
immupada [TYPE OF TABLET],xxxxx,type of tablet,,im-mu-pad3-da
imna [PEBBLE],xxxxx,clay pebble,,"im-<sup>na4</sup>na, <sup>na4</sup>im-na"
imsar [TABLET],xxxxx,"tablet, document",,"im-sar, im-sar-a"
imsaršuba [EXERCISE TABLET],xxxxx,exercise tablet,,"sar-šub-ba, im-sar-šub-ba"
imšilu [TABLET],xxxxx,perforated tablet,,im-ši-lu
imšuguba [LIST OF MATERIALS],xxxxx,list of materials,,im-šu-gub-ba
imšuk [COVERING?],xxxxx,clay envelope?,,"im-si, im-šu, im-šu2"
imšuk [TABLET],xxxxx,a small tablet,,"im-šu, im-šu-ka"
imzida [TYPE OF LIST],xxxxx,type of list,,im-zi-da
kila [WEIGHT],xxxxx,weight,,"ki-la2, <sup>ŋeš</sup>ki-la2-bi, <sup>na4</sup>ki-la2, <sup>ŋeš</sup>ki-la2"
kišib [SEAL],xxxxx,"cylinder seal, sealed tablet",,"kišib3, kišib, <sup>na4</sup>kišib, kišib3-kišib3, <sup>na4</sup>kišib3"
kišib mu sara [SEAL],xxxxx,seal inscribed with a name,,kišib mu sar
kišib rah [SEAL],xxxxx,to seal,,"kišib ra-ra, kišib3 raḫ2, <sup>na4</sup>kišib ra-ra, kišib raḫ2"
kišibŋal [SEAL BEARER],xxxxx,seal bearer,,"kišib-ŋal2, kišib-gal8, kišib3-ŋal2"
kišibla [SEAL BEARER],xxxxx,seal bearer,,kišib-la2
kišibmal [SEAL BEARER],xxxxx,"sealer, seal bearer",,kišib-ma-al
leʾum [BOARD],xxxxx,"writing board, board (used as a door), board (of a plow)",,"le-um, li, <sup>ŋeš</sup>li, <sup>ŋeš</sup>le-um, le-u5-um, <sup>ŋeš</sup>le-u5-um, <sup>ŋeš</sup>le-u5, <sup>ŋeš</sup>li2-u3, <sup>ŋeš</sup>li2-u5-um"
ligin [TABLET],xxxxx,"tablet with excerpts,  school text",,"li-gi4-in, <sup>im</sup>li-gi4-in"
luʾimnak [ACCOUNTANT],xxxxx,an accountant,,lu2-im-<sup>na4</sup>na
mašdara [INSCRIPTION],xxxxx,"inscription, writing board",,"maš-dara3, <sup>ŋeš</sup>maš-dara3, maš<sup>ma</sup>-<sup>aš2</sup>-<sup>tar</sup>dara2, <sup>ŋeš</sup>maš-dara4, <sup>ŋeš</sup>maš-tar, maš-dara2, maš<sup>ma</sup>-<sup>aš2</sup>-<sup>tar</sup>dara2"
muguba [EXERCISE TABLET],xxxxx,exercise tablet,,"mu-gub-ba, <sup>im</sup>mu-gub-ba, <sup>im</sup>gub-ba"
musara [INSCRIPTION],xxxxx,inscription,,"mu-sar-ra, mu-sar"
na [STONE],xxxxx,"stone weight, pit",,"na4, na, <sup>na4</sup>na, na4-na4, nax(UD.NI), na5"
nambisaŋdubak [OFFICE OF ARCHIVIST],xxxxx,office of archivist,,nam-bisaŋ-dub
namdub [WRITING],xxxxx,writing,,nam-dub
niŋsuru [~TABLET],xxxxx,assignment or section of a tablet,,"niŋ2-sur, niŋ2-sur-ru"
Nisabak [1],xxxxx,1,,"<sup>d</sup>nisaba, <sup>d</sup>nisaba-ke4, nisaba, <sup>d</sup>nisaba-kam, <sup>d</sup>nisaba2, <sup>d</sup> <sup>nisaba</sup>ŠID, nisaba2, <sup>d</sup>ŠID, <sup>d</sup> <sup>nisaba</sup>ŠID"
nu.ŠID [ACCOUNTANT?],xxxxx,accountant?,,nu-ŠID
saŋtak [TRIANGLE],xxxxx,"triangle (math.), wedge",,"saŋtak4, saŋtak3, saŋ-KAK, santak2, saŋtak, saŋ-DIŠ, saŋdux(SAG)"
sar [SHARPEN],xxxxx,to sharpen,,"sar-sar, sar"
sar [WRITE],xxxxx,to write,,"sar, sar-sar, sa, sar<sup>ar</sup>, sar<sup>ar</sup>"
situm [BALANCE],xxxxx,balance (of a settled account),,"si-i3-tum, si-tum, si-i-tum"
su [SINK],xxxxx,"to submerge, to sink, to drain",,"su, su-su, su3-su3, su3, su-su-su, šu2, sa, su13-su13, su2"
su [SPRINKLE],xxxxx,"to sprinkle,  strew, to adorn,  decorate",,"su3, su3-su3, su13, su13-su13, su3-ud, su, su-su, su3-su3-su3, <sup>su</sup>su3, <sup>gi</sup>su3-su3, <sup>su</sup>su3"
šab [SEALING],xxxxx,"clay sealing,  sealed bulla",,šab
šaba [STONE],xxxxx,a stone,,<sup>na4</sup>ša-ba
šid [COUNT],xxxxx,"to count, to deliver, to recite,  to read, count(ing) [N], number [N], half (shares) [N]",,"šid, šid-šid, ši-da, si-id, <sup>ši</sup>-<sup>di</sup>šid, <sup>ši</sup>-<sup>id</sup>šid, šid<sup>ši</sup>-<sup>id</sup>-ma, šid-ma, <sup>ši</sup>-<sup>di</sup>šid, <sup>ši</sup>-<sup>id</sup>šid, šid<sup>ši</sup>-<sup>id</sup>-ma"
šitadu [ACCOUNTANT],xxxxx,accountant,,"šita5-du3, šita5"
šu tag [DECORATE],xxxxx,to decorate,,"šu tag, šu tag-ga, šu ta-ak, šu ta-ke4, šu tag-tag"
šu tag [TOUCH],xxxxx,to touch,,šu tag
tag [TOUCH],xxxxx,"to touch,  take hold of, to bind, to attack, to slap on,  plaster, to play an instrument",,"tag, tag-tag, tag-ga, ta, ta-ak, ta-ke4, tag-ga<sup>ku6</sup>, tag-ta, <sup>ta</sup>-<sup>ag</sup>tag, <<sag>>, tag+X, <sup>ta</sup>-<sup>ag</sup>tag"
umbisaŋ [SCRIBE],xxxxx,"scribe, scholar",,"umbisaŋ, umbisaŋ2, <sup>u2</sup>-<sup>bi</sup>-<sup>sag</sup>umbisaŋ, <sup>u2</sup>-<sup>bi</sup>-<sup>ša2</sup>-<sup>ga</sup>umbisaŋ2, ubišaga, <sup>u2</sup>-<sup>bi</sup>-<sup>sag</sup>umbisaŋ, <sup>u2</sup>-<sup>bi</sup>-<sup>ša2</sup>-<sup>ga</sup>umbisaŋ2"
ummia [EXPERT],xxxxx,"expert, master craftsman",,"um-mi-a, um-me-a, um-me-am3"
zib [MARK],xxxxx,"a mark,  token, colour,  paint",,"zib2, zib, <sup>zi</sup>-<sup>ib</sup>zib2, za3, <sup>zi</sup>-<sup>ib</sup>zib2"
gid [DRAG],xxxxx,"to drag,  tow (a boat upstream), to tighten, to pass along,  transfer, to draw up a document, to flay a dead animal, to milk, to unsheath,  pull out, to haul (earth)",,"gid2, gid2-gid2, gid2<sup>gi</sup>-<sup>id</sup>-<sup>gi</sup>-<sup>id</sup>gid2, gid2<sup>gi</sup>, <sup>gi</sup>gid2, gid2<sup>gi</sup>-<sup>id</sup>-<sup>gi</sup>-<sup>id</sup>gid2, gid2<sup>gi</sup>, <sup>gi</sup>gid2"
ŋeš hur [DRAW],xxxxx,to draw,,"ŋeš ḫur, ŋeš ḫur-ḫur"
hur [SCRAPE],xxxxx,"to scrape off,  grub up",,"ḫu, ḫu-ra, ḫu-ḫu"
hur [SCRATCH],xxxxx,"to scratch,  draw",,"ḫur, ḫur-ḫur, ara3<sup>a</sup>-<sup>ra</sup>-ra, <sup>ḫu</sup>ḫur, ara3-ra, ara3<sup>a</sup>-<sup>ra</sup>-ra, <sup>ḫu</sup>ḫur"
muhur [PLAN],xxxxx,drawing,,mu-ḫur
murgu [DRAW],xxxxx,"to draw,  design",,murgu
eda [BOARD],xxxxx,board,,<sup>ŋeš</sup>e2-da
ŋešdubak [BOARD],xxxxx,tablet board,,"<sup>na4</sup>ŋeš-dub, ŋeš-dub, ŋeš-dub-ba"
kam [BOARD],xxxxx,"board,  plaque, tablet",,"kam, kam3, kamx(KAD5)"
kiʾumun [PLACE OF LEARNING],xxxxx,place of learning,,ki-umun2
ig [DOOR],xxxxx,door,,"<sup>ŋeš</sup>ig, ig, <sup>gi</sup>ig"
eškurum [WAX],xxxxx,wax,,"eš-ku-ru-um, eš-ku-ru"
gabalal [WAX],xxxxx,wax,,gaba-lal3
gaba ri [CONFRONT],xxxxx,"to confront, to equal, to copy",,"gaba RI, gaba rig8, gaba-gaba RI"
gabari [COPY],xxxxx,"copy, equal, opponent, reply, opposite side, qualification of a sieve",,"gaba-ri, gaba-ra, <sup>lu2</sup>gaba-ru, gaba"
ŋešhur [PLAN],xxxxx,plan,,"ŋeš-ḫur, ni-iš-ḫu-ur, ḫur-ḫur, gešḫurx(KAD5)"
la [HANG],xxxxx,"to hang,  balance,  suspend, (to be) suspended [V/i], to weigh,  weigh (out),  pay, to carry, to supervise,  check, to show,  display, to bind, binding,  (yoke-)team [N], to press,  throttle, to winnow (grain)",,"la2, la2-la2, la, lal2, la-la, le"
luʾešgid [SURVEYOR],xxxxx,surveyor,,"lu2-eš2-gid2, lu2-eš2<sup>t</sup>-gid2"
burgul [STONE-CUTTER],xxxxx,stone-cutter,,"bur-gul, <sup>lu2</sup>bur-gul"
eburgul [WORKSHOP],xxxxx,stone-cutter's workshop,,e2-bur-gul
dubšen [CHEST],xxxx,"treasure chest, tablet box",,dub-šen
gag [NAIL],xxxx,"nail,  peg,  point,  stud, arrowhead, a part of the rib",,"<sup>ŋeš</sup>gag, gag, <sup>urud</sup>gag, <sup>gu</sup>gag, ga, gag<sup>gu</sup>, gag<sup>zabar</sup>, <sup>ka</sup>-<sup>ak</sup>gag, <sup>gi</sup>gag, <sup>gu</sup>gag, gag<sup>gu</sup>, <sup>ka</sup>-<sup>ak</sup>gag"
imgipad [TYPE OF LIST],xxxx,type of list,,im-gi-pad3
immunedug [TYPE OF LIST],xxxx,type of list,,im-mu-ne-dug4
kibigia [ACCOUNT],xxxx,"account,  balance sheet",,ki-bi-gi4-a
luniŋaŋ [PROFESSION],xxxx,"a profession,  measurer?",,lu2-niŋ2-aŋ2
šu gur [WIPE],xxxx,"to wipe clean, to erase",,"šu gur, šu gur10"
šu sub [RUB],xxxx,"to rub, to wipe off,  clean,  erase, to scrape together,  gather up,  collect,, to polish,  repair",,"šu su-ba, šu su-ub, šu su-bu, šu su-su-ba, šu su-su-ub, šu sub, šu su13-su13"
šu ur [ERASE],xxxx,"to erase, to level off (surveying), to clip (a bird), to spread?",,"šu ur3, šu ur3-ur3, šu ur, šu ur3-ra<sup>mušen</sup>, šu ur3-ur3-ra, šu ur4-ur4, šu ur2, šu ur4"
umbin la [SCRATCH],xxxx,to scratch,,umbin la2
umun [KNOWLEDGE],xxxx,"knowledge, workshop",,"umun2, <sup>u</sup>-<sup>mu</sup>-<sup>un</sup>umun2, <sup>u</sup>-<sup>mu</sup>-<sup>un</sup>umun2"
ur [DRAG],xxxx,"to drag, to go along [V/i], to wipe clean,  erase, to beat,  sweep away, to raise a boat, to flatten, to make baked bricks, to plaster,  to spread",,"ur3, ur3-ur3, u3-ru, ur3-ur3-ra, ur3-ra<sup>mušen</sup>, ur5, urx(BAḪAR2), ur, ur-ur, ur2, ur4-ur4, ur4"
zi [CUT],xxxx,"to cut,  remove, to erase, to pluck, tear out?",,"zix(IGI<sup>g</sup>), zi2, zi-zi, zi, si, zi-in-zi-in, zi-in-zi-im, ze2-ze2, zil"
zig [RISE],xxxx,"to rise, to levy,  raise,  muster [V/t], to remove [V/t], to issue [V/t], to expend [V/t], to swell, rising,  arising [N], attack [N], to excerpt [V/t], to deduct [V/t]",,"zig3, zi-zi, zi-ga, zi-zi-zi, zi2, zi-zi-i-zi, zi-ge, zi-i-zi, za, zi-iz-zi, zi-zi-i<sup>zi</sup>-<sup>zi</sup>, zi-zi-i<sup>zi</sup>-<sup>zi</sup>"
zir [BREAK],xxxx,"to break,  destroy, to tear out,  uproot, (to be) troubled [V/i], to erase,  cancel, to be spoiled [V/i]",,"zi, zi-re, zi-ir, zi2, zi2-ir, zi2-zi2, zi-ir-zi-ir, zi-ra, zi-zi, zi2-re, zi-ir-zi-re, zi2-ir-zi2-ir, zer3, zir, zi2-x-X, si-ir"
dur [BOARD],xxxx,"wooden ledger board, bottom board",,"<sup>ŋeš</sup>dur2, dur2, <sup>dur</sup>dur2, <sup>dur</sup>dur2"
galam [REED],xxxx,reed,,<sup>gi</sup>galam
galam [SKILFUL],xxxx,"(to be) skilful,  elaborate,  clever, to make artfully [V/t]",,"galam, galam-galam, ga-lam, galam-ma<sup>ki</sup>, <sup>ga</sup>galam-galam<sup>ga</sup>-<sup>la</sup>-<sup>am</sup>, <sup>ga</sup>galam-galam<sup>ga</sup>-<sup>la</sup>-<sup>ma</sup>, <sup>ga</sup>galam-galam<sup>ga</sup>-<sup>la</sup>-<sup>am</sup>, <sup>ga</sup>galam-galam<sup>ga</sup>-<sup>la</sup>-<sup>ma</sup>"
sabarsud [NOTATION],xxxx,a notation,,sa-bar-sud
gul [DESTROY],xxxx,"to destroy, to break (up),  pulverize, to flatten, to carve,  cut, to engrave, to go bad (said of foodstuffs), to shave (hair), to strip a boat, to whet, to erase (debt), to trim, to hold back,  restrain",,"gul, gul-gul, gu-ul, gu-ul-gu-ul, gu-le, gu-la, gul-lu-u8, gu-lu-u8, gu, gu-lu, ku"
dub [HEAP],xxxx,"to strew, to heap up,  pile,  pour, to whirl up (a duststorm)","šapāku and tabāku are both equivalents of DUB, cf. tabāku in the sense of “annul” cf. CAD T p. 9","dub, dub-dub, dub-dub-dub, <sup>du</sup>-<sup>ub</sup>dub, <sup>tu</sup>-<sup>ub</sup>dub, <sup>du</sup>-<sup>ub</sup>dub, <sup>tu</sup>-<sup>ub</sup>dub"
lal3.HI×AŠ2 [WAX],xxxx,wax,,"lal3-ḪI×AŠ2, lal3-ḫar-ra, lal3-ḫar-re"
dar [SPLIT],xxxx,"to break up,  crush,  grind, to split,  split up, to cut open","al-dar-ra = hepu^, cf. also gi al-dar-ra ~ scraper?","dar, dar-dar, da-ra, da"
lagab [DEBT-NOTE],xxxx,debt-note,,lagab
ru [REMOVE],xxxx,"to remove, to re-position","cf. TCBI 1, 015: o iii 2",ru
aŋ [MEASURE],xxx,to measure,,"aŋ2, aŋ2-ge2, ig"
aslum [ROD],xxx,measuring rod,,"<sup>ŋeš</sup>as4-lum, aš2-lum, <sup>gi</sup>aš-lum, <sup>ŋeš</sup>a-za-lum, <sup>ŋeš</sup>aš2-lum"
"ayalum [A TYPE OF RULER, A UNIT OF MEASUREMENT]",xxx,"a type of ruler,  a unit of measurement",,<sup>ŋeš</sup>aya4-lum
DUN [DECORATE],xxx,to decorate,,"DUN, DUN-DUN"
DUN3@g.la2 [SHEKEL WEIGHER?],xxx,shekel weigher?,,DUN3<sup>g</sup>-la2
gigubguba [MEASURING ROD],xxx,measuring rod,,gi-gub-gub-ba
gigur [CONTAINER],xxx,a measuring container,,"gi-gur, gi-gur<sup>ur3</sup>, ki-ku-ru-um, gi-gur<sup>ur3</sup>"
gug [STICK],xxx,"stick, weapon",,"gug, <sup>ŋeš</sup>PA.TAR<sup>gu</sup>-<sup>ug</sup>, gug6, <sup>ŋeš</sup>PA.TAR, <sup>ŋeš</sup>PA.TAR<sup>gu</sup>-<sup>ug</sup>"
ŋidru [SCEPTER],xxx,"scepter,  stick, measuring stick",,"ŋidru, <sup>ŋeš</sup>ŋidru, <sup>urud</sup>ŋidru, <sup>gi</sup>-<sup>id</sup>-<sup>ru</sup>ŋidru, <sup>gi</sup>-<sup>id</sup>-<sup>ru</sup>ŋidru"
imdumu [SEALING],xxx,leather sealing,,<sup>kuš</sup>im-du5-mu
kabduga [CHECKED],xxx,"checked, capacity measure (container)",,"kab2-dug4-ga, kab2-dug4, <sup>dug</sup>kab-dug4-ga, kab-di, kab-dug4-ga, kab2-da-ga, <sup>dug</sup>kab2-dug4-ga"
kila tag [WEIGH],xxx,"to weigh, weight after weaving [AJ]",,ki-la2 tag
kud [CUT],xxx,"to break off,  deduct, to separate,  cut off, to cut, to incise, to perform an action on a field, to decide, to make clear",,"kud, kud-kud, ku5-ru, ku5-ra, ku, kud-ta, <sup>ku</sup>-<sup>ud</sup>kud, gud, gur5, ku-ku, kud-da<sup>sar</sup>, gu-da, kud-ta<sup>sar</sup>, ku5-ku5-ru, ku7-ku7, <sup>ku</sup>-<sup>ud</sup>kud"
kugla [SILVER WEIGHER],xxx,silver weigher,,"kug-la2, lu2-kug-la2"
ligtum [SELECTION],xxx,"alum, selection,  gathered material",,"li2-ig-tum, li-ig-tum"
manala [WEIGHMASTER],xxx,weighmaster,,"ma-na-la2, ma-la-la, ma-ŋa2-la2, ma2-la2"
mangara [CHISEL],xxx,chisel,,"ma-an-gara2, ma-an-ga-ra, magar<sup>ma</sup>-<sup>qa</sup>-<sup>ar</sup> <sup>zabar</sup>, ma-an-gara2<sup>zabar</sup>, <sup>urud</sup>ma-an-gara2, magar<sup>zabar</sup>, mangara, magar<sup>ma</sup>-<sup>qa</sup>-<sup>ar</sup> <sup>zabar</sup>"
niŋgula [~ACCOUNTING],xxx,an accounting term,,niŋ2-gu-la
niŋkas [ACCOUNT],xxx,account,,"niŋ2-kas7, kas7, <sup>ka</sup>kas7, niŋ2-ŠID-ma, <sup>ka</sup>kas7"
niŋkud [WEDGE],xxx,a cutting tool,,niŋ2-kud
nu.DAR [PROFESSION],xxx,a profession,,nu-DAR
sag [BEAT],xxx,"to strike,  beat, to weave, to thresh, to level off (a measure)",,"sag3, sag3-sag3, sig3-ga, sag2, si, sig, sag2-sag2, sigx(PA.GI), sag2<sup>sa</sup>-<sup>ag</sup>, <sup>sa</sup>-<sup>ag</sup>sag3, sag9, sig17<sup>?</sup>, <sup>ŋeš</sup>sag3-sag3, sag2<sup>sa</sup>-<sup>ag</sup>, <sup>sa</sup>-<sup>ag</sup>sag3"
saŋdub [LABORER],xxx,"high-quality laborer, an accounting term for female workers",,"saŋ-dub, saŋ-dub-ba"
saŋtag [~WORKER],xxx,an accounting term for male workers,,saŋ-tag
sar [RUN],xxx,"to run,  hasten, to make run [V/t], to chase away [V/t]",,"sar, sar-sar, sa, sa-re, <sup>ša4</sup>šar2, <sup>ša4</sup>šar2"
sar [SHAVE],xxx,to shave,,"sar, sakar-sakar, <sup>sa</sup>-<sup>kar</sup>sar, <sup>sa</sup>-<sup>kar</sup>sar"
šu tahab dug [SOAK?],xxx,"to ooze,  drip?, to soak,  saturate?",,šu ta-ḫab2 dug4
ur [ANOINT],xxx,"to rub in,  anoint",,ur5
šab [CUT],xxx,"to cut,  fell (of trees), to slash, to trim,  peel off, to break off,  deduct, to gather together,  collect,  scrape up, to become loose,  fall out [V/i], to disintegrate [V/i], to disappear [V/i], to incise, to draw,  design, to dig,  hollow out, to have a grooved shape [V/i], to inspect exta, to make clear",,"šab, ša2-ab, šab-šab, sa-ba, šu-ub"
kišuš [NOTATION],xxx,"a musical notation,  a rubric",,ki-šuš2
luʾumumak [PROFESSION],xxx,a profession,,lu2-umum-ma
sabar [NET],xxx,a net,,"sa-par3, sa-par4, sa-bar, sa-bar-sa-bar"
sagida [NOTATION],xxx,"a musical instrument, a musical notation",,sa-gid2-da
saŋara [NOTATION],xxx,a musical notation,,"sa-ŋar-ra, sa-ŋar"
zu [KNOW],xxx,"to know,  learn, to make known,  teach",,"zu, zu-zu, su, za, zu-a, iz, niŋ2-nam-zux(SU)-bi, zi, zu2"
igdib [~DOOR],xxx,"a kind of door,  or part of a door",,"<sup>ŋeš</sup>ig-dib, <sup>ŋeš</sup>ig-dib-ba"
ŋešdim [CARVER],xxx,wood carver,,ŋeš-dim2
de [POUR],xxx,"to pour, to winnow","šapāku and tabāku are both equivalents of DUB, cf. tabāku in the sense of “annul” cf. CAD T p. 9","de2, de2-de2, di, <sup>de</sup>-<sup>e</sup>de2, de3, de-a, de3-de3, de5, <sup>di</sup>de2, de6, <sup>de</sup>-<sup>e</sup>de2, <sup>di</sup>de2"
gi [POUR],xxx,to pour,,gi4
hal [DIVIDE],xxx,"to divide,  deal out,  distribute, to perform an extispicy, to open, a secret [N], to pour away, to sieve, to slink,  crawl away [V/i], a qualification of grain [AJ]",,"ḫa-la, ḫal, ḫal-ḫal, ḫal-ḫa, ḫa, ḫa-al-ḫa, ḫa-la-ḫa-la"
ri [IMPOSE],xxx,"to lay down,  cast,  place, to set in place,  imbue, to lean on, to impose, to throw down, to release,  let go, to walk along [V/i], to pour out, to lead away, to ride",,"RI, ru, ri-ri, ra, rig8, ru-us2, ru-uš2, dirig, ru-ru, <sup>di</sup>RI, <sup>di</sup>RI"
eššeb [LANDSCAPE],xxx,"a deeply incised landscape, clay pit",,"eššeb, eššeb<sup>še</sup>-<sup>še</sup>-<sup>eb</sup>, eššeb<sup>še</sup>-<sup>še</sup>-<sup>eb</sup> <sup>ki</sup>, eššeb<sup>ki</sup>, eššeb<sup>še</sup>-<sup>še</sup>-<sup>eb</sup>, eššeb<sup>še</sup>-<sup>še</sup>-<sup>eb</sup> <sup>ki</sup>"
suhur [INSERT],xxx,"to insert, to scratch, to incise",,suḫur
suhur [TOOL],xxx,"a tool, goad stick",,"<sup>ŋeš</sup>suḫur, suḫur, suḫur<sup>ku6</sup>"
dab [GO AROUND],xxx,"to go around,  encircle,  turn, to surround, to search [V/i], to tarry [V/i]",,"dab6, dab4, da, <sup>da</sup>-<sup>ab</sup>dab4, <sup>du</sup>-<sup>ub</sup>dab4, <sup>da</sup>-<sup>ab</sup>dab4, <sup>du</sup>-<sup>ub</sup>dab4"
gu dub [ALIGN],xxx,to align with a string,,"gu dub2, gu2 dub, gu2 dub2-dub2"
luʾiduba [PROFESSION],xxx,a granary worker?,,lu2-i3-dub-ba
barhuda [TOOL],xxx,"a tool, a reed cutter",,bar-ḫu-da
pamušenak [WING],xxx,"wing, feather",,"pa-mušen-na, pa-mušen-na-ka, pa-mušen, pa-mušen-na-ke4"
ti [FEATHER],xxx,"feather, an ornament of feathers",,ti<sup>mušen</sup>
gizi [REED],xxx,fresh reed,,"gi-zi, gazi"
arina [MADDER],xxx,"madder, dye obtained from the madder plant",,"e-ri2-na, i3-ri2-na, <sup>ŋeš</sup>arinax(I.LU2<sup>s</sup>.NA), arinax(I.LU2<sup>s</sup>.NA), i3-ri2, a-ri2-na, <sup>u2</sup>i3-ri2-na, a-ri2-na<sup>sar</sup>, erina8, i-rin5, nu-i-rin5, ri2-in, a-rin5(LAK349)-na<sup>sar</sup>, e-ri-na, e-ri8-na, erina, erinx(MUŠ%MUŠ×MAŠ)-na, i-ri9-an-na, <sup>ŋeš</sup>a-ri-na, <sup>ŋeš</sup>a-ri9-na, <sup>ŋeš</sup>erina8, <sup>ŋeš</sup>i-ri-na, <sup>ŋeš</sup>i-ri2-na, <sup>ŋeš</sup>i-ri8-na, a-i3-ri2-na, a-ri8-na, erinx(MUŠ%MUŠ×MAŠ), i-ri8-na, <sup>ŋeš</sup>arinax(LU2<sup>s</sup>.NA), <sup>ŋeš</sup>arinax(UR2×A), <sup>ŋeš</sup>arinax(UR2×A)<sup>na</sup>, <sup>ŋeš</sup>arinax(UR2×A)<sup>na</sup>"
šu ŋal [UNMNG],xxx,?,,"šu ŋal2, šu ŋal2-la, šu ŋal2-ŋal2"
aškud [~DOOR],xx,"a part of a door, locking bar, wedge-shape",,"aškud, aškud2, aškudx(A2.ZA.AN.MUŠ3), aškud<sup>aš2</sup>-<sup>kud</sup>, aškud<sup>x</sup>-<sup>kud</sup>, aškudx(A2.ZA.MUŠ3), <sup>na4</sup>aškud, <sup>ŋeš</sup>aškud, aškud<sup>aš2</sup>-<sup>kud</sup>, aškud<sup>x</sup>-<sup>kud</sup>"
be [DIMINISH],xx,"to diminish,  reduce, to deduct,  remove, to withdraw,  receive (as an allotment)",,"be4, be4-be4, be6, be4<sup>bi</sup>-<sup>bi</sup>be4, bi3-bi3, be4<sup>bi</sup>-<sup>bi</sup>be4"
be [WITHDRAW],xx,withdraw,,be
DUB.KAK [SPIKE?],xx,spike?,,DUB-KAK
DUB.NAGAR.UM [OBJECT],xx,a reed object,,<sup>gi</sup>DUB-NAGAR-UM
dubšendilim [CONTAINER],xx,a container,,dub-šen-dilim2
dubšum [OBJECT],xx,a leather object,,"dub-šu-um, <sup>kuš</sup>dub-šu-um"
E.GEŠTUG2.NISABA.k [1],xx,1,,e2-GIŠ.TUG2.PI-<sup>d</sup>ŠE.NAGA
Eŋeštug-Nisaba [1],xx,1,,e2-ŋeštug2-<sup>d</sup>nisaba
Ekišibanannaaŋara [1],xx,1,,e2-kišib-ba-<sup>d</sup>nanna-a-ŋar-ra
Ekišibgalekura [1],xx,1,,e2-kišib-gal-e2-kur-ra
ešemen [ROPE],xx,"game,  play, skipping rope, double rope (area measure)",,"ešemen, ešemen2, ešemen3<sup>e</sup>-<sup>še</sup>-<sup>min3</sup>, ešemen5, e-šen, ešemen<sup>eš</sup>-<sup>me</sup>-<sup>en</sup>, ešemen3, ešemen3<sup>e</sup>-<sup>še</sup>-<sup>min3</sup>, ešemen<sup>eš</sup>-<sup>me</sup>-<sup>en</sup>"
ešla [TRAP],xx,a trap,,"<sup>ŋeš</sup>eš2-la2, <sup>ŋeš</sup>eš2<sup>e</sup>-<sup>še</sup>-la2, <sup>ŋeš</sup> <sup>is</sup>eš2-la2, <sup>ŋeš</sup>eš2<sup>e</sup>-<sup>še</sup>-la2, <sup>ŋeš</sup> <sup>is</sup>eš2-la2"
gar [KNOB],xx,"knob, a unit of measurement",,"gar3, kar, gar3-gar3, <sup>kuš</sup>gar3-ba, <sup>urud</sup>gar3, <sup>ŋeš</sup>gar3, <sup>ŋeš</sup>gar3-ba"
gid [LONG],xx,"(to be) long, to lengthen,  extend [V/t], to survey,  measure out a field [V/t], to tighten [V/t], to supply [V/t], elongated bead or perl [N]",,"gid2, gid2-gid2, gid2-da, <sup>gi</sup>-<sup>id</sup>gid2, gid2<sup>gi</sup>-<sup>id</sup>-<sup>gi</sup>-<sup>id</sup>gid2, gid2-da<sup>ku6</sup>, gi6-de3, gu4-ud-da, <sup>gi</sup>-<sup>id</sup>gid2, gid2<sup>gi</sup>-<sup>id</sup>-<sup>gi</sup>-<sup>id</sup>gid2"
ginindan [ROD],xx,measuring rod,,"gi-diš-nindan, gi-nindan, gi-niŋ2-ninda2-na, gi-diš-ninda2"
imkugsig [EARTH],xx,earth or ore of specific yellow color,,im-kug-sig17
Inanateš [TEXT],xx,"a text,  the scribal exercise Inana-teš",,<sup>d</sup>inana-teš2
kešed [BIND],xx,"to bind, to put together, to close (an account)",,"keš2, keše2-da, keš2-keš2, ke-eš2, keš-re, keš, ki-ki-ši-da10, ki-ši, <sup>ki</sup>keš-da, keš2-da-keš2-da, keš-da, <sup>ki</sup>keš-da"
na deg [CLEAR],xx,"to make clear,  explain, to consecrate,  purify, to separate, to clear out,  cut out",,"na degx(RI), na degx(RI)-degx(RI), na de, na PA.ḪUB2.DU-ga, ne degx(RI), na de6"
saŋ ŋal [MEASURED],xx,to measure out a heaped amount,,saŋ ŋal2
sar [SMOKE],xx,to smoke,,"sar, sar-sar"
šag balaʾa [~ACCOUNTING],xx,an accounting term,,šag4 bala
šag dab [THINK],xx,"to think,  conceive an idea, to take seriously",,"šag4 dab, šag4 dab5"
šegin [GLUE],xx,"glue, paint",,"še-gin2, še-gin3, <sup>kuš</sup> <sup>še</sup>-<sup>gi</sup>-<sup>in</sup>še-gin2, <sup>kuš</sup>še-gin2, še-gin7, <sup>kuš</sup> <sup>še</sup>-<sup>gi</sup>-<sup>in</sup>še-gin2"
ugu [SKULL],xx,"skull,  pate, first section of a balanced account,  capital, on,  over,  above [PRP], against,  towards [PRP], more than, top",,"ugu2, ugu, ugux(SAG<sup>n</sup><sup>g</sup>), ugux(U.SAG), ugu3, ugu-ugu, u2-gu, u3-gu, u3-gu2, <sup>ŋeš</sup>ugu, aga3, ugux(A.U.KA)"
uguʾe takaʾa [LEFT BY THE ACCOUNT],xx,left by the account,,ugu2 tak4
umbin [NAIL],xx,"nail (of finger or toe),  claw, finger,  toe, hoof,  paw, foot (of furniture), tip (of a shoe), a cutting implement",,"umbin, <sup>ŋeš</sup>umbin, <sup>kuš</sup>umbin, <sup>gi</sup>umbin, umbinx(UR2×KID2.SU), <sup>urud</sup>umbin, <sup>urud</sup>umbin-na"
umbin [WHEEL],xx,"wheel, part of a boat",,"<sup>ŋeš</sup>umbin, umbin, <sup>ŋeš</sup>umbinx(UR2×GAN2<sup>t</sup>)"
umbin TAR [SHAVE],xx,to shave,,"umbin TAR, <sup>ŋeš</sup>umbin TAR"
urra gul [ERASE A DEBT],xx,to erase a debt,,ur5-ra gul
uz [DUCK],xx,"wild duck, duck weight",,"uz, uz<sup>mušen</sup>, <sup>na4</sup>uz, uz-uz, uz3"
zag [NOSE-ROPE],xx,"nose-rope,  leading rope",,zag
zibana [BALANCE],xx,part of a balance,,zi-ba-na
ziga [EXPENDITURE],xx,expenditure,,zi-ga
zipatum [CORD],xx,cord,,"zi-ip-pa-tum, zi-pa-tum"
barsud [NOTATION],xx,a musical notation,,"bar-sud, bar-su13"
ŋešgiŋal [NOTATION],xx,a musical refrain,,"ŋeš-gi4-ŋal2, ŋeš-gi-ŋal2, ŋeš-ki-ŋal2, ŋiškim-ŋal2"
iriʾen [NOTATION],xx,notation,,iri-en
šagbatuku [NOTATION],xx,a liturgical rubric,,"šag4-ba-tuku, ša-ba-du-ga"
ah [SPITTLE],xx,"saliva,  spittle, phlegm,  mucus,  sputum, a paste, foam,  scum, poison, copper slag",,"aḫ6, eḫ, uḫ3, aḫ-da, <sup>urud</sup>aḫ6, uḫ4, <sup>a</sup>eḫ, <sup>a</sup>eḫ"
bur [TEAR],xx,to tear out,,"bur12, bu3, bur12-bur12, bu-ra, bu3-bu3, burx(KA×ŠU), bu7, bu3-ra2, bul, bur, bur12-bur12-bur12, <sup>bu</sup>-<sup>u</sup>bur12, bu15, <sup>bu</sup>-<sup>u</sup>bur12"
deg [COLLECT],xx,"to take, to gather up,  glean,  collect,  pick up, to tear out, to fall [V/i]",,"degx(RI)-degx(RI), degx(RI), de5-de5-ga, de, degx(RI)<sup>x</sup>-<sup>x</sup>degx(RI), PA.ḪUB2.DU-ga, de-de, de-degx(RI), de6, degx(RI)<sup>x</sup>-<sup>x</sup>degx(RI)"
dirig [TEAR],xx,to tear out,,dirig
gaz [KILL],xx,"to kill,  slaughter, to beat, to execute,  impose a death sentence, to break, to grind,  grate, to crumble, crumbled cheese [N], to thresh (grain), to smash,  to crush","gaz = la-ba-tu, na-sa-hu cf. CAD sub lapātu; cf. also gaz = hepu^ CAD H p 170","gaz, gaz-gaz, gaz2, ga, gaz<sup>zabar</sup>, gaz2-gaz2, gaz-za<sup>sar</sup>, kaz8, gaz-gaz<sup>ka</sup>-<sup>e</sup>-<sup>eš</sup>, gaz2<sup>sar</sup>, ka-az, kaš, gaz<sup>sar</sup>, gaz-gaz<sup>ka</sup>-<sup>e</sup>-<sup>eš</sup>"
mar [TEAR OUT?],xx,tear out?,,"ma-ma, mar"
suh [EXTRACT],xx,"to tear out, to extract, to choose",,"suḫ, suḫ-suḫ, suḫ5, su, suḫ3, suḫ3-suḫ3"
bala [TURN],xx,"to turn,  rotate,  turn over, reign,  rotation,  turn,  term of office [N], conversion (math.) [N], to cross, to carry, to transfer (boats over weirs and other riverine obstacles), to pour out,  libate,  make a libation, to hoist,  draw (water), to boil (meat in water), to change,  transgress (the terms of an agreement), to revolt, to transgress,  violate",,"bala, bala-bala, bal-la2, ib-le, bal-la, pa-la, ab-la, ab-la2, ab-le, ba, ba-la2, bil2, pa-le, <sup>ba</sup>-<sup>al</sup>bala, <sup>ba</sup>-<sup>al</sup>bala"
hi [MIX],xx,"to mix (up), alloy [N], to process (skin or wool,  in the latter possibly a stage between combing and spinning), to be rectangular [V/i]",,"ḫi, ḫi-ḫi, <sup>ḫa5</sup>ḫi, ḫa, ḫe2-a-ḫe2, ḫi-a, <sup>ḫa5</sup>ḫi"
lu [MIX],xx,"to disturb,  stir up,  muddy, to cover completely, to mix",,"lu, lu3, lu3-lu3, lu-lu, lu3-lu, lu3<sup>lu</sup>-<sup>lu</sup>lu3, lu2-lu2, lu3<sup>la</sup>, <<lu2>>, lu2-lu, <sup>lu</sup>-<sup>u</sup>lu3, <sup>lu</sup>lu3, lu3<sup>lu</sup>-<sup>lu</sup>lu3, lu3<sup>la</sup>, <sup>lu</sup>-<sup>u</sup>lu3, <sup>lu</sup>lu3"
šar [MIX],xx,to mix,,"šar2, šar2-šar2, SAR-da, šar2-šar2<sup>ša2</sup>-<sup>ar2</sup>-<sup>ša2</sup>-<sup>ra</sup>-ra, SAR, ša-ar, šar2-šar2-ra, šar2-šar2<sup>ša2</sup>-<sup>ar2</sup>-<sup>ša2</sup>-<sup>ra</sup>-ra"
dag [DEMOLISH],xx,"to demolish, to scratch, overthrow,  military repulse [N]",,"dag, dag-dag, dagx(E2×U), da"
ed [ASCEND],xx,"to go up,  ascend, to go down,  descend, to bring up,  make ascend [V/t], to bring down,  make descend [V/t], to knock down,  demolish [V/t], to scratch [V/t], to pierce [V/t], to forfeit [V/t], to rage,  be rabid",,"ed3, e, be2, e5, e-de3, ed3-ed3, edx(DU.LAGAR<sup>g</sup>), e3, UD×(U.U.U).DU"
kad [TIE],xx,"to tie,  gather, to itch,  scratch, to weave a mat?",,"kad4, kad5, kara2, kad8, gar3, ka-ad, kad3, kad3-kad3, kad4-da, kad4-kad4, kad6, <sup>qat</sup>kad5, <sup>qat</sup>kad5"
ki hur [SCRATCH],xx,to scratch the earth,,"ki ḫur, ki ḫur-ḫur, ki <sup>ḫu</sup>ḫur, ki <sup>ḫu</sup>ḫur"
tuk [BREAK],xx,"to break off,  pinch off, to cut,  fell, to demolish, to scratch, to soften,  dissolve",,tuk8
kiri hur [PIERCE WITH A SPINDLE],xx,to pierce with a spindle,,"kiri3 ḫur, kiri3 ḫur-ḫur"
durkud [CUTTER],xx,instrument for cutting the umbilical cord,,<sup>gi</sup>dur-kud
zadim [STONE-CUTTER],xx,stone-cutter,,"zadim, za-dim2, za2-dim2, <sup>lu2</sup>za2-dim2"
zadimgal [LAPIDARY],xx,"lapidary,  stone-cutter",,"zadim-gal, zadimgalx(GAL.MUG<sup>g</sup>)"
zagindim [LAPIS-CUTTER],xx,lapis-lazuli cutter,,za-gin3-dim2
GI%GI.ak [ARROW?],xx,arrow?,,GI%GI-ak
pa [BRANCH],xx,"branch,  frond, wing,  feathers, top",,"pa, <sup>ŋeš</sup>pa, <sup>gi</sup>pa, pa9, pad3, ab, pa-pa, <sup>pa</sup>-<sup>a</sup>pa, <sup>kuš</sup>pa, <sup>ŋeš</sup>pa-pa, <sup>pa</sup>-<sup>a</sup>pa"
aŋkas [ACCOUNT],x,statement,,aŋ2-kas7
allaharu [MINERAL],x,a mineral used to produce a white color,,"al-la-ḫa-ru, al-lu-ḫa-ru-um, a-al-la-ḫa-ru, al-la-ḫa-ru-um, al-lu-ḫa-ru"
ara [TIMES],x,"times (with numbers), step (math.), way, trip, omen, calculation",,"a-ra2, a-ra, a-ra2-a-ra2, a<sup>a</sup>-<sup>ra</sup>ra2, iri, iri<sup>ki</sup>, a-ri-a, a<sup>a</sup>-<sup>ra</sup>ra2"
aslum [UNIT],x,a unit of measurement,,as4-lum
ašegin [~GLUE],x,a solution of glue in water?,,a-še-gin2
ban [UNIT],x,"a unit of capacity, measuring vessel",,"ba-an, <sup>ŋeš</sup>ba-an, ban2, <sup>gi</sup>ba-an, ban2-da, <sup>dug</sup>ban2, <sup>dug</sup> <sup>ba</sup>-<sup>an</sup>-<sup>da</sup>ban2, <sup>urud</sup>ba-an, <sup>ŋeš</sup>ban2, <sup>ba</sup>-<sup>an</sup>-<sup>da</sup>ban2, <sup>dug</sup>niŋ2-<sup>ba</sup>-<sup>an</sup>ban2, ban3, <sup>dug</sup>ban2-da, <sup>dug</sup>ban3, <sup>dug</sup>niŋ2-ban2, <sup>dug</sup> <sup>ba</sup>-<sup>an</sup>-<sup>da</sup>ban2, <sup>ba</sup>-<sup>an</sup>-<sup>da</sup>ban2, <sup>dug</sup>niŋ2-<sup>ba</sup>-<sup>an</sup>ban2"
banaš [VESSEL],x,a vessel of one seah capacity,,ba-an-aš
bara [~COLOR],x,a color term,,bara6
bariga [UNIT],x,"a unit of capacity, a measuring vessel",,"ba-ri2-ga, <sup>ŋeš</sup>ba-ri2-ga, <sup>gi</sup>ba-ri2-ga, bariga, ba-ra-gim, ba-ri2-gim, <sup>ŋeš</sup>ba-an-ri2-ga, <sup>ŋeš</sup>ba-ri2-TI, ba-ri-ga"
bulug [NEEDLE],x,"needle,  drill, chisel, seal pin, stake, boundary",,"bulug, bulug4, <sup>urud</sup>bulug4, bulug<sup>zabar</sup>, <sup>ŋeš</sup>bulug, bulug2, <sup>urud</sup>bulug, mu-lu-ug, bu-lu-ug, bulug<sup>bu</sup>-bulug, bulug4<sup>zabar</sup>, <sup>bu</sup>-<sup>lu</sup>-<sup>ug</sup>bulug, <sup>bu</sup>-<sup>lu</sup>-<sup>ug</sup>bulug2, <sup>na4</sup>bulug, <sup>na4</sup>bulug4, <sup>na4</sup>mu-lu-ug, <sup>na4</sup>mu-lu-ug2, <sup>na4</sup>mug, <sup>ŋeš</sup>bulug4, bulug-bulug, mug, bulug<sup>bu</sup>-bulug, <sup>bu</sup>-<sup>lu</sup>-<sup>ug</sup>bulug, <sup>bu</sup>-<sup>lu</sup>-<sup>ug</sup>bulug2"
dal [VESSEL],x,a measuring vessel?,,"<sup>dug</sup>dal, dal, dal<sup>zabar</sup>, <sup>dug</sup>da-al"
dala [THORN],x,"thorn,  pin,  needle, a lance",,"<sup>ŋeš</sup>dala2, dala2, dala2<sup>zabar</sup>, <sup>urud</sup>dala2, dala2<sup>kug</sup>-<sup>sig17</sup>, <sup>ŋeš</sup>dala2(IGI.NI), dala2(IGI.NI), dala2(IGI.NI)<sup>zabar</sup>, dala2<sup>kug</sup>-<sup>babbar</sup>, <sup>kuš</sup>dala2"
dara [RED],x,"(to be) red, (to be) brown, blood [N]",,dara4
du [MEASURING VESSEL?],x,measuring vessel?,,<sup>ŋeš</sup>du10
dubdub [~FLOUR],x,a designation of flour,,"dub-dub, du-ub-du-ub"
dubla [TOWER],x,gate tower,,"dub-la2, <sup>ŋeš</sup>dub-la2"
Dublamah [1],x,1,,dub-la2-maḫ
dubsaŋ [FIRST],x,"first, before, pre-eminent, leader [N], pre-eminence [N], precedence [N]",,"dub-saŋ, dug4-saŋ"
dubus [SECOND],x,"second,  second-in-rank",,dub-us2
duhduhum [STONE WEIGHT],x,a type of stone weight,,"duḫ, <sup>na4</sup>duḫ-duḫ-um"
DUN3@g.la2 [~WORKER],x,a qualification of workers,,DUN3<sup>g</sup>-la2
emedub [UNIT],x,"a unit,  a measurement of capacity, a vessel",,"gurmedub, emedub, emedub2"
GAR.banda3 [CONTAINER],x,"a container, a unit of measurement for oils and fats",,"GAR-banda3<sup>da</sup>, GAR-banda3, GAR-banda3<sup>da</sup>"
Gašannisaba [1],x,1,,<sup>d</sup>gašan-nisaba
giggi [BLACK],x,(to be) black,,"giggi, gig2-ga, gig2-ge, gi6-gi6, giggi<sup>mušen</sup>, gi-gi, giggi<sup>sar</sup>, gi-ki, gi6-gi6-ga, gig, gig2<sup>ku</sup>-<sup>ga</sup>-ga, gi16, gi8, ki-ik-ki, <sup>gi</sup>-<sup>ig</sup>giggi, gig2<sup>ku</sup>-<sup>ga</sup>-ga, <sup>gi</sup>-<sup>ig</sup>giggi"
giŋ [UNIT],x,"a unit of weight,  shekel, a unit of area, a unit of volume",,giŋ4
giŋ bar [HEW],x,hew,,giŋ4 bar
giŋtur [UNIT],x,"a unit of area, a unit of volume, a unit of weight",,giŋ4-tur
gu birak [GREENISH],x,"locust-neck,  a greenish color",,"gu2 bir5, gu2 bir5<sup>mušen</sup>, gu2 bir5-ra<sup>mušen</sup><sup>zabar</sup>, gu2 buru5<sup>mušen</sup>"
gubar [INGOT],x,"metal ingot, a container, a unit of measurement",,gu2-bar
gug [TOOTH],x,"tooth, blade, beak, dogbite",,"gug, gug6<sup>gu</sup>-<sup>ug</sup>, gug6, gug6<sup>gu</sup>-<sup>ug</sup>"
gun [LOAD],x,"load, yield, rent,  tax,  tribute, a unit of weight",,"gun2, gu2-un, gun2-gun2, un, gu2-un-gu2-un, <sup>ku</sup>-<sup>un</sup>gu2-un, gun2<sup>un</sup>-<sup>na</sup>, <sup>ku</sup>-<sup>un</sup>gu2-un, gun2<sup>un</sup>-<sup>na</sup>"
gur [UNIT],x,"unit of capacity, a measuring vessel",,"gur, gur9, gur23, gur9<sup>gur</sup>, kur, <sup>dug</sup>gur, gur10, gur9<sup>gur</sup>"
gurlugal [UNIT],x,a unit of measurement,,gur-lugal
gurmah [UNIT],x,a unit of capacity,,gur-maḫ
gurmi [UNIT],x,unit,,gurmi
gursaŋŋal [UNIT],x,unit of measure,,"gur-saŋ, gur-saŋ-ŋal2"
gursala [CONTAINER],x,a container,,"<sup>gi</sup>gur-sal4-la, gur-sal4-la, <sup>gi</sup>gur-sal-la, <sup>urud</sup>gur-sal4-la, gur-sal, gur-sal-la"
henzer [BLOCK],x,"to block, to seal,  caulk, to squeeze",,"ḫe-ḫe-ze2-er, ḫenzer, ḫe-ḫe-en-ze2-er"
hibiz [RED],x,red,,ḫibiz
Hibiz [1],x,1,,ḫibiz
huš [REDDISH],x,"(to be) furious,  angry, (to be) reddish,  ruddy",,"ḫuš, ḫu-us2, ḫuš-ḫuš, ḫuš2, <sup>ḫu</sup>-<sup>uš</sup>ḫuš, <sup>tug2</sup>ḫuš, <sup>ḫu</sup>-<sup>uš</sup>ḫuš"
KAB.PIRIG×ZA [MEASURING CONTAINER?],x,measuring container?,,<sup>ŋeš</sup>KAB-PIRIG×ZA
kigalla [LARGE WEIGHT?],x,large weight?,,<sup>na4</sup>ki-gal-la2
kuli [UNIT],x,unit of liquid measurement,,ku-li
lidga [VESSEL],x,"a measuring vessel, a unit of capacity",,"lid2-ga, lid2, <sup>du</sup>-<sup>uṭ</sup>-<sup>ṭu</sup>DIŠ, <sup>ŋeš</sup>lidda2<sup>lid</sup>-<sup>da</sup>, lid2-da-ga, <sup>ŋeš</sup>lidda2, <sup>ŋeš</sup>lid2-da, <sup>ŋeš</sup>lid2-ga, <sup>ŋeš</sup>li2-id-ga, DIŠ, li-id-ga, lidda, lidda2, <sup>du</sup>-<sup>uṭ</sup>-<sup>ṭu</sup>DIŠ, <sup>ŋeš</sup>lidda2<sup>lid</sup>-<sup>da</sup>"
lu ninda aŋ [BREAD MEASURER],x,bread measurer,,lu2 ninda aŋ2
mana [UNIT],x,a unit of weight,,ma-na
manatur [UNIT],x,"a unit of area, a unit of volume, a unit of weight",,ma-na-tur
maš [UNIT OF MEASURE?],x,unit of measure?,,maš
mes [BLACKNESS],x,"blackness,  black spot, black wood",,"mes, <sup>ŋeš</sup>mes"
mešakum [STRICKLE],x,strickle for levelling grain in measuring-vessel,,me-ša-kum
MUŠ3 [WEIGHT],x,a weight,,MUŠ3<sup>urud</sup>
MUŠ3.KA.U.GUD [CUP-BEARER],x,cup-bearer,,"MUŠ3-KA-U.GUD, MUŠ3-KA-GA-U.GUD"
niŋ [CONTAINER],x,a measuring container or vessel,,"<sup>dug</sup>niŋ2, <sup>ŋeš</sup>niŋ2, <sup>urud</sup>niŋ2, <sup>gi</sup>niŋ2, <sup>kuš</sup>niŋ2, <sup>urud</sup><sup>ŋeš</sup>niŋ2"
niŋbanda [UNIT],x,a unit of measurement,,"niŋ2-banda3<sup>da</sup>, niŋ2-banda3, niŋ2-banda3<sup>da</sup>"
niŋgiggi [BLACK],x,"that which is black, spleen",,niŋ2-giggi
niŋninda [MEASURING VESSEL],x,measuring vessel,,<sup>ŋeš</sup>niŋ2-ninda2
niŋtabninda [MEASURING VESSEL?],x,measuring vessel?,,<sup>dug</sup>niŋ2-tab-ninda2
ninda [VESSEL],x,a measuring vessel,,"<sup>ŋeš</sup>ninda2, ninda2, <sup>dug</sup>ninda2, nindax(UŠ), nindax(NINDA2×ŠE)"
saŋkešed [FISH],x,"a fish, a measurement for fish delivery",,"saŋ-keš2, saŋ-keš2<sup>ku6</sup>"
sar [GARDEN],x,"garden, a unit of area, a unit of volume",,"sar, sar-sar, sa-ra-ak, sar-ba, sa"
sigira [~VESSEL],x,qualification of a measuring vessel,,si-gir-ra
sila [UNIT],x,"a unit of capacity, a vessel of one @sila capacity",,"sila3, <sup>dug</sup>sila3, <sup>ŋeš</sup>sila3, <sup>dug</sup>niŋ2-sila3, <sup>urud</sup>sila3, sila3<sup>zabar</sup>, <sup>si</sup>-<sup>la</sup>sila3, <sup>si</sup>-<sup>la</sup>sila3"
sila banda [VESSEL],x,a measuring vessel,,"<sup>dug</sup>sila3 banda3<sup>da</sup>, sila3 banda3<sup>da</sup>, <sup>dug</sup>sila3 ba-an-du8, <sup>dug</sup>sila3 banda3<sup>da</sup>, sila3 banda3<sup>da</sup>"
sila burzi [BOWL],x,a bowl,,"sila3 bur-zi, <sup>dug</sup>sila3 bur-zi, <sup>ŋeš</sup>sila3 bur-zi"
sila gida [UNIT],x,a unit of measure,,sila3 gid2
sila KU.du3 [CONTAINER],x,an earthenware container,,<sup>dug</sup>sila3 KU-du3
sila saŋa [CONTAINER],x,an earthenware container,,"<sup>dug</sup>sila3 saŋa, sila3 saŋa, sila3 saŋ-ŋa2, <sup>dug</sup>sila3 saŋ-ŋa2"
sila zaghar [CONTAINER],x,a small earthenware container,,"<sup>dug</sup>sila3 zag-ḫar, sila3 zag-ḫar, <sup>dug</sup>sila3 zag-ḫa-ar"
sila zahili [CONTAINER],x,cress container,,"sila3 za3-ḫi-li, <sup>dug</sup>sila3 za3-ḫi-li, sila3 za-aḫ-li, sila3 <sup>u2</sup>za3-ḫi-li"
silagal [VESSEL],x,measuring vessel,,"<sup>dug</sup>sila3-gal, sila3-gal"
simtum [CONTAINER],x,a measuring container,,"si2-im-tum, <sup>gi</sup>si2-im-tum"
su [RED],x,"(to be) red,  brown",,"su4, su, sa5, su4-su4, su3, su13, sa, sa5<sup>mušen</sup>, su9, si5-a, su2, <sup>sa</sup>su4, si5, šu4, <sup>sa</sup>su4"
sugu [REDNESS],x,"redness,  reddening",,su-gu7
še [BARLEY],x,"barley, grain, a unit of length, a unit of area, a unit of volume, a unit of weight, cone?",,"še, še-am, še-e, <sup>ŋeš</sup>še"
šebar [UNIT OF MEASURE],x,unit of measure,,še-bar
šebida [DISDAIN],x,"to disdain,  neglect, to be negligent [V/i], to sin [V/i]",,"še-ba, še-bi-da, še-be-da, še-be2, še-bi-de3, ši-ba"
šu de [CARRY],x,"to carry, to apply oneself to a task, to touch, to lend a hand",,"šu de6, šu tum2-tum2, šu tum3, šu tum3-tum3, šu tum4"
šu de [LAY HANDS ON],x,to lay hands on (something/somebody not to be touched),,šu de6
šu dug [TOUCH],x,to touch,,"šu du11-du11, šu dug4, šu tu, šu du, šu di, šu du-ga, šu di-di"
šu gi [REPAY],x,"to repay, to return something to someone,  settle an account",,"šu gi4, šu gi4-gi4, šu gi, šu gi-gi"
šu taka [SEND],x,to send,,"šu taka4, šu tak4-tak4, šu ta, šu takax(BALAG)"
šu teŋ [ACCEPT],x,"to accept, to receive",,"šu teŋ4, šu teŋ3, šu teŋ3-ŋa2, šu teŋ4-teŋ4, šu ta-ŋa2, šu te-em-ga, šu te-en"
tah [ADD],x,"to add,  increase",,"taḫ, ta, taḫ-taḫ, taḫ3, ta-eḫ, ta-ḫe"
tur [SMALL],x,"(to be) small, to reduce,  diminish [V/t], to subtract [V/t], (to be) young, to deduct [V/t]",,"tur, tur-tur, tur<sup>zabar</sup>, tur-tur<sup>zabar</sup>, tur<sup>mušen</sup>, tur<sup>sar</sup>, du12, tu-tu, tur-tur<sup>ku6</sup>, tur<sup>ku6</sup>, <sup>tu</sup>-<sup>ur</sup>tur, du13<sup>tu</sup>-<sup>ut</sup>-<sup>tu</sup>-du13<sup>zabar</sup>, tu-re, tu-tu-re, tu-tu-ur, tur-ra<sup>mušen</sup>, tur<sup>tu</sup>, tur<sup>kug</sup>-<sup>babbar</sup>, tur<sup>kug</sup>-<sup>sig17</sup>, tur5, tur7-tur7, tur7, <sup>tu</sup>-<sup>ur</sup>tur, du13<sup>tu</sup>-<sup>ut</sup>-<sup>tu</sup>-du13<sup>zabar</sup>, tur<sup>tu</sup>"
ulin [TWINE],x,colored twine,,"<sup>eš2</sup>u2-li-in, u2-li, u2-li-in"
umbin [~BOAT],x,a part of a boat,,<sup>ŋeš</sup>umbin
umbin kiŋ [SHEAR],x,to shear,,umbin kiŋ2
umbin.TAB.TAB [~GOAT],x,a qualification of goats,,umbin-TAB-TAB
umbinŋiri [CLAW],x,claw,,umbin-ŋiri3
umbinsi [NAIL],x,finger nail,,umbin-si
umbinšeba [NAIL],x,"nail, claw",,"umbin-še-ba, umbin-še"
upu [UNIT],x,a unit of surface measurement,,upux(AŠ<sup>z</sup>)
zabar [BRONZE],x,"bronze, arrowhead, weapon, metal mirror, measuring vessel made of bronze, a metal bowl, (to be) shiny [V/i], (to be) bright,  pure [V/i]",,"zabar, zabar3, <sup>ŋeš</sup>zabar, za-bar"
zarbad [REDNESS],x,redness,,zar-bad3
zipah rah [MEASURE],x,to measure with a half-cubit measure,,zipaḫ2 raḫ2
zipah rah [UNMNG],x,unmng,,zipaḫ2 raḫ2
kidu [NOTATION],x,a musical notation,,ki-du12
kirugu [NOTATION],x,"a division notation in certain literary compositions,  possibly relating to phases of a performance",,"ki-ru-gu2, ki-ru-gu"
mugimal [NOTATION],x,"refrain, notation",,mu-gi-ma-al
sagalamkad [NET],x,net,,<sup>ŋeš</sup>sa-galam-kad5
esir [BITUMEN],x,"bitumen,  pitch",,"esir2, esir"
gugiresir [ASSIGNMENT],x,"a work assignment,  treating palm leaflet mats with bitumen",,"gu2-gir, gu2-gir-esir2, gu2-gir-esir2-ra, gu2-gir-ra"
igiʾesirak [BITUMEN],x,a kind of bitumen,,"igi-esir-ra, igi-esir"
suhur [TRIM],x,"to trim,  make smaller",,"suḫur, zu-ḫu-ru"
suhur [TUFT],x,"tuft,  plume, crown (of a tree)",,"suḫur, <sup>ŋeš</sup>suḫur, <sup>gi</sup>suḫur"
lugize [REED-CUTTER],x,reed-cutter,,lu2-gi-ze
